{
    "$schema": "https://schema.management.azure.com/schemas/2015-01-01/deploymentParameters.json#",
    "contentVersion": "1.0.0.0",
    "parameters": {
        "vulnerabilityAssessments_Default_storageContainerPath": {
            "value": null
        },
        "servers_covid_sb_name": {
            "value": null
        },
        "vaults_covid_sb_kv_name": {
            "value": null
        },
        "storageAccounts_covidsbstac2_name": {
            "value": null
        },
        "workspaces_covid_sb_databricks_service_name": {
            "value": null
        }
    }
}