{
    "$schema": "https://schema.management.azure.com/schemas/2019-04-01/deploymentTemplate.json#",
    "contentVersion": "1.0.0.0",
    "parameters": {
        "vulnerabilityAssessments_Default_storageContainerPath": {
            "type": "SecureString"
        },
        "servers_covid_sb_name": {
            "defaultValue": "covid-sb",
            "type": "String"
        },
        "vaults_covid_sb_kv_name": {
            "defaultValue": "covid-sb-kv",
            "type": "String"
        },
        "storageAccounts_covidsbstac2_name": {
            "defaultValue": "covidsbstac2",
            "type": "String"
        },
        "workspaces_covid_sb_databricks_service_name": {
            "defaultValue": "covid-sb-databricks-service",
            "type": "String"
        }
    },
    "variables": {},
    "resources": [
        {
            "type": "Microsoft.Databricks/workspaces",
            "apiVersion": "2018-04-01",
            "name": "[parameters('workspaces_covid_sb_databricks_service_name')]",
            "location": "westeurope",
            "tags": {
                "Environment": "Dev",
                "Project": "Covid"
            },
            "sku": {
                "name": "standard"
            },
            "properties": {
                "managedResourceGroupId": "[concat('/subscriptions/40f083ce-f68e-476b-af9b-60ac84e7a6fc/resourceGroups/databricks-rg-', parameters('workspaces_covid_sb_databricks_service_name'), '-5yw6rxgjvkb2m')]",
                "parameters": {
                    "enableNoPublicIp": {
                        "type": "Bool",
                        "value": false
                    },
                    "prepareEncryption": {
                        "type": "Bool",
                        "value": false
                    },
                    "requireInfrastructureEncryption": {
                        "type": "Bool",
                        "value": false
                    }
                },
                "authorizations": [
                    {
                        "principalId": "9a74af6f-d153-4348-988a-e2672920bee9",
                        "roleDefinitionId": "8e3af657-a8ff-443c-a75c-2fe8c4bcb635"
                    }
                ],
                "createdBy": {},
                "updatedBy": {},
                "createdDateTime": "2020-08-19T08:34:53.5416192Z"
            }
        },
        {
            "type": "Microsoft.KeyVault/vaults",
            "apiVersion": "2020-04-01-preview",
            "name": "[parameters('vaults_covid_sb_kv_name')]",
            "location": "westeurope",
            "tags": {
                "Environment": "Dev",
                "Project": "Covid"
            },
            "properties": {
                "sku": {
                    "family": "A",
                    "name": "Standard"
                },
                "tenantId": "b41b72d0-4e9f-4c26-8a69-f949f367c91d",
                "accessPolicies": [
                    {
                        "tenantId": "b41b72d0-4e9f-4c26-8a69-f949f367c91d",
                        "objectId": "5ca769cb-7dd0-4734-b92f-763e6a7e4ca2",
                        "permissions": {
                            "keys": [],
                            "secrets": [
                                "Get"
                            ],
                            "certificates": []
                        }
                    },
                    {
                        "tenantId": "b41b72d0-4e9f-4c26-8a69-f949f367c91d",
                        "objectId": "9da4f869-bfe8-4441-b3ac-dbc873ffef1b",
                        "permissions": {
                            "keys": [
                                "Get",
                                "List",
                                "Update",
                                "Create",
                                "Import",
                                "Delete",
                                "Recover",
                                "Backup",
                                "Restore"
                            ],
                            "secrets": [
                                "Get",
                                "List",
                                "Set",
                                "Delete",
                                "Recover",
                                "Backup",
                                "Restore"
                            ],
                            "certificates": [
                                "Get",
                                "List",
                                "Update",
                                "Create",
                                "Import",
                                "Delete",
                                "Recover",
                                "Backup",
                                "Restore",
                                "ManageContacts",
                                "ManageIssuers",
                                "GetIssuers",
                                "ListIssuers",
                                "SetIssuers",
                                "DeleteIssuers"
                            ]
                        }
                    }
                ],
                "enabledForDeployment": false,
                "enabledForDiskEncryption": false,
                "enabledForTemplateDeployment": false,
                "enableSoftDelete": true,
                "softDeleteRetentionInDays": 90,
                "enableRbacAuthorization": false,
                "vaultUri": "[concat('https://', parameters('vaults_covid_sb_kv_name'), '.vault.azure.net/')]",
                "provisioningState": "Succeeded"
            }
        },
        {
            "type": "Microsoft.Sql/servers",
            "apiVersion": "2020-08-01-preview",
            "name": "[parameters('servers_covid_sb_name')]",
            "location": "westeurope",
            "tags": {
                "Environment": "Dev",
                "Project": "Covid"
            },
            "kind": "v12.0",
            "properties": {
                "administratorLogin": "azureadmin",
                "version": "12.0",
                "publicNetworkAccess": "Enabled"
            }
        },
        {
            "type": "Microsoft.Storage/storageAccounts",
            "apiVersion": "2021-01-01",
            "name": "[parameters('storageAccounts_covidsbstac2_name')]",
            "location": "westeurope",
            "tags": {
                "Project": "Covid",
                "Environment": "Dev"
            },
            "sku": {
                "name": "Standard_LRS",
                "tier": "Standard"
            },
            "kind": "StorageV2",
            "properties": {
                "minimumTlsVersion": "TLS1_0",
                "allowBlobPublicAccess": true,
                "isHnsEnabled": true,
                "networkAcls": {
                    "bypass": "AzureServices",
                    "virtualNetworkRules": [],
                    "ipRules": [
                        {
                            "value": "188.232.28.103",
                            "action": "Allow"
                        }
                    ],
                    "defaultAction": "Allow"
                },
                "supportsHttpsTrafficOnly": true,
                "encryption": {
                    "services": {
                        "file": {
                            "keyType": "Account",
                            "enabled": true
                        },
                        "blob": {
                            "keyType": "Account",
                            "enabled": true
                        }
                    },
                    "keySource": "Microsoft.Storage"
                },
                "accessTier": "Cool"
            }
        },
        {
            "type": "Microsoft.KeyVault/vaults/secrets",
            "apiVersion": "2020-04-01-preview",
            "name": "[concat(parameters('vaults_covid_sb_kv_name'), '/password')]",
            "location": "westeurope",
            "dependsOn": [
                "[resourceId('Microsoft.KeyVault/vaults', parameters('vaults_covid_sb_kv_name'))]"
            ],
            "properties": {
                "contentType": "Password for connection to the covid-sb SQL server",
                "attributes": {
                    "enabled": true
                }
            }
        },
        {
            "type": "Microsoft.KeyVault/vaults/secrets",
            "apiVersion": "2020-04-01-preview",
            "name": "[concat(parameters('vaults_covid_sb_kv_name'), '/username')]",
            "location": "westeurope",
            "dependsOn": [
                "[resourceId('Microsoft.KeyVault/vaults', parameters('vaults_covid_sb_kv_name'))]"
            ],
            "properties": {
                "contentType": "Username for connection to the covid-sb SQL server",
                "attributes": {
                    "enabled": true
                }
            }
        },
        {
            "type": "Microsoft.Sql/servers/administrators",
            "apiVersion": "2020-08-01-preview",
            "name": "[concat(parameters('servers_covid_sb_name'), '/ActiveDirectory')]",
            "dependsOn": [
                "[resourceId('Microsoft.Sql/servers', parameters('servers_covid_sb_name'))]"
            ],
            "properties": {
                "administratorType": "ActiveDirectory",
                "login": "Sergei_Boikov@epam.com",
                "sid": "9da4f869-bfe8-4441-b3ac-dbc873ffef1b",
                "tenantId": "b41b72d0-4e9f-4c26-8a69-f949f367c91d"
            }
        },
        {
            "type": "Microsoft.Sql/servers/advisors",
            "apiVersion": "2014-04-01",
            "name": "[concat(parameters('servers_covid_sb_name'), '/CreateIndex')]",
            "dependsOn": [
                "[resourceId('Microsoft.Sql/servers', parameters('servers_covid_sb_name'))]"
            ],
            "properties": {
                "autoExecuteValue": "Disabled"
            }
        },
        {
            "type": "Microsoft.Sql/servers/advisors",
            "apiVersion": "2014-04-01",
            "name": "[concat(parameters('servers_covid_sb_name'), '/DbParameterization')]",
            "dependsOn": [
                "[resourceId('Microsoft.Sql/servers', parameters('servers_covid_sb_name'))]"
            ],
            "properties": {
                "autoExecuteValue": "Disabled"
            }
        },
        {
            "type": "Microsoft.Sql/servers/advisors",
            "apiVersion": "2014-04-01",
            "name": "[concat(parameters('servers_covid_sb_name'), '/DefragmentIndex')]",
            "dependsOn": [
                "[resourceId('Microsoft.Sql/servers', parameters('servers_covid_sb_name'))]"
            ],
            "properties": {
                "autoExecuteValue": "Disabled"
            }
        },
        {
            "type": "Microsoft.Sql/servers/advisors",
            "apiVersion": "2014-04-01",
            "name": "[concat(parameters('servers_covid_sb_name'), '/DropIndex')]",
            "dependsOn": [
                "[resourceId('Microsoft.Sql/servers', parameters('servers_covid_sb_name'))]"
            ],
            "properties": {
                "autoExecuteValue": "Disabled"
            }
        },
        {
            "type": "Microsoft.Sql/servers/advisors",
            "apiVersion": "2014-04-01",
            "name": "[concat(parameters('servers_covid_sb_name'), '/ForceLastGoodPlan')]",
            "dependsOn": [
                "[resourceId('Microsoft.Sql/servers', parameters('servers_covid_sb_name'))]"
            ],
            "properties": {
                "autoExecuteValue": "Enabled"
            }
        },
        {
            "type": "Microsoft.Sql/servers/auditingPolicies",
            "apiVersion": "2014-04-01",
            "name": "[concat(parameters('servers_covid_sb_name'), '/Default')]",
            "location": "West Europe",
            "dependsOn": [
                "[resourceId('Microsoft.Sql/servers', parameters('servers_covid_sb_name'))]"
            ],
            "properties": {
                "auditingState": "Disabled"
            }
        },
        {
            "type": "Microsoft.Sql/servers/auditingSettings",
            "apiVersion": "2020-08-01-preview",
            "name": "[concat(parameters('servers_covid_sb_name'), '/Default')]",
            "dependsOn": [
                "[resourceId('Microsoft.Sql/servers', parameters('servers_covid_sb_name'))]"
            ],
            "properties": {
                "retentionDays": 0,
                "auditActionsAndGroups": [],
                "isStorageSecondaryKeyInUse": false,
                "isAzureMonitorTargetEnabled": false,
                "state": "Disabled",
                "storageAccountSubscriptionId": "00000000-0000-0000-0000-000000000000"
            }
        },
        {
            "type": "Microsoft.Sql/servers/azureADOnlyAuthentications",
            "apiVersion": "2020-08-01-preview",
            "name": "[concat(parameters('servers_covid_sb_name'), '/Default')]",
            "dependsOn": [
                "[resourceId('Microsoft.Sql/servers', parameters('servers_covid_sb_name'))]"
            ],
            "properties": {
                "azureADOnlyAuthentication": false
            }
        },
        {
            "type": "Microsoft.Sql/servers/databases",
            "apiVersion": "2020-08-01-preview",
            "name": "[concat(parameters('servers_covid_sb_name'), '/SergeiBoikov-DWH')]",
            "location": "westeurope",
            "dependsOn": [
                "[resourceId('Microsoft.Sql/servers', parameters('servers_covid_sb_name'))]"
            ],
            "sku": {
                "name": "Basic",
                "tier": "Basic",
                "capacity": 5
            },
            "kind": "v12.0,user",
            "properties": {
                "collation": "SQL_Latin1_General_CP1_CI_AS",
                "maxSizeBytes": 2147483648,
                "catalogCollation": "SQL_Latin1_General_CP1_CI_AS",
                "zoneRedundant": false,
                "readScale": "Disabled",
                "storageAccountType": "GRS",
                "maintenanceConfigurationId": "/subscriptions/40f083ce-f68e-476b-af9b-60ac84e7a6fc/providers/Microsoft.Maintenance/publicMaintenanceConfigurations/SQL_Default"
            }
        },
        {
            "type": "Microsoft.Sql/servers/databases/auditingPolicies",
            "apiVersion": "2014-04-01",
            "name": "[concat(parameters('servers_covid_sb_name'), '/master/Default')]",
            "location": "West Europe",
            "dependsOn": [
                "[resourceId('Microsoft.Sql/servers', parameters('servers_covid_sb_name'))]"
            ],
            "properties": {
                "auditingState": "Disabled"
            }
        },
        {
            "type": "Microsoft.Sql/servers/databases/auditingSettings",
            "apiVersion": "2020-08-01-preview",
            "name": "[concat(parameters('servers_covid_sb_name'), '/master/Default')]",
            "dependsOn": [
                "[resourceId('Microsoft.Sql/servers', parameters('servers_covid_sb_name'))]"
            ],
            "properties": {
                "retentionDays": 0,
                "isAzureMonitorTargetEnabled": false,
                "state": "Disabled",
                "storageAccountSubscriptionId": "00000000-0000-0000-0000-000000000000"
            }
        },
        {
            "type": "Microsoft.Sql/servers/databases/extendedAuditingSettings",
            "apiVersion": "2020-08-01-preview",
            "name": "[concat(parameters('servers_covid_sb_name'), '/master/Default')]",
            "dependsOn": [
                "[resourceId('Microsoft.Sql/servers', parameters('servers_covid_sb_name'))]"
            ],
            "properties": {
                "retentionDays": 0,
                "isAzureMonitorTargetEnabled": false,
                "state": "Disabled",
                "storageAccountSubscriptionId": "00000000-0000-0000-0000-000000000000"
            }
        },
        {
            "type": "Microsoft.Sql/servers/databases/geoBackupPolicies",
            "apiVersion": "2014-04-01",
            "name": "[concat(parameters('servers_covid_sb_name'), '/master/Default')]",
            "location": "West Europe",
            "dependsOn": [
                "[resourceId('Microsoft.Sql/servers', parameters('servers_covid_sb_name'))]"
            ],
            "properties": {
                "state": "Enabled"
            }
        },
        {
            "type": "Microsoft.Sql/servers/databases/securityAlertPolicies",
            "apiVersion": "2020-08-01-preview",
            "name": "[concat(parameters('servers_covid_sb_name'), '/master/Default')]",
            "dependsOn": [
                "[resourceId('Microsoft.Sql/servers', parameters('servers_covid_sb_name'))]"
            ],
            "properties": {
                "state": "Disabled",
                "disabledAlerts": [
                    ""
                ],
                "emailAddresses": [
                    ""
                ],
                "emailAccountAdmins": false,
                "retentionDays": 0
            }
        },
        {
            "type": "Microsoft.Sql/servers/databases/transparentDataEncryption",
            "apiVersion": "2014-04-01",
            "name": "[concat(parameters('servers_covid_sb_name'), '/master/current')]",
            "location": "West Europe",
            "dependsOn": [
                "[resourceId('Microsoft.Sql/servers', parameters('servers_covid_sb_name'))]"
            ],
            "properties": {
                "status": "Disabled"
            }
        },
        {
            "type": "Microsoft.Sql/servers/databases/vulnerabilityAssessments",
            "apiVersion": "2020-08-01-preview",
            "name": "[concat(parameters('servers_covid_sb_name'), '/master/Default')]",
            "dependsOn": [
                "[resourceId('Microsoft.Sql/servers', parameters('servers_covid_sb_name'))]"
            ],
            "properties": {
                "recurringScans": {
                    "isEnabled": false,
                    "emailSubscriptionAdmins": true
                }
            }
        },
        {
            "type": "Microsoft.Sql/servers/devOpsAuditingSettings",
            "apiVersion": "2020-08-01-preview",
            "name": "[concat(parameters('servers_covid_sb_name'), '/Default')]",
            "dependsOn": [
                "[resourceId('Microsoft.Sql/servers', parameters('servers_covid_sb_name'))]"
            ],
            "properties": {
                "isAzureMonitorTargetEnabled": false,
                "state": "Disabled",
                "storageAccountSubscriptionId": "00000000-0000-0000-0000-000000000000"
            }
        },
        {
            "type": "Microsoft.Sql/servers/encryptionProtector",
            "apiVersion": "2020-08-01-preview",
            "name": "[concat(parameters('servers_covid_sb_name'), '/current')]",
            "dependsOn": [
                "[resourceId('Microsoft.Sql/servers', parameters('servers_covid_sb_name'))]"
            ],
            "kind": "servicemanaged",
            "properties": {
                "serverKeyName": "ServiceManaged",
                "serverKeyType": "ServiceManaged",
                "autoRotationEnabled": false
            }
        },
        {
            "type": "Microsoft.Sql/servers/extendedAuditingSettings",
            "apiVersion": "2020-08-01-preview",
            "name": "[concat(parameters('servers_covid_sb_name'), '/Default')]",
            "dependsOn": [
                "[resourceId('Microsoft.Sql/servers', parameters('servers_covid_sb_name'))]"
            ],
            "properties": {
                "retentionDays": 0,
                "auditActionsAndGroups": [],
                "isStorageSecondaryKeyInUse": false,
                "isAzureMonitorTargetEnabled": false,
                "state": "Disabled",
                "storageAccountSubscriptionId": "00000000-0000-0000-0000-000000000000"
            }
        },
        {
            "type": "Microsoft.Sql/servers/firewallRules",
            "apiVersion": "2020-08-01-preview",
            "name": "[concat(parameters('servers_covid_sb_name'), '/AllowAllWindowsAzureIps')]",
            "dependsOn": [
                "[resourceId('Microsoft.Sql/servers', parameters('servers_covid_sb_name'))]"
            ],
            "properties": {
                "startIpAddress": "0.0.0.0",
                "endIpAddress": "0.0.0.0"
            }
        },
        {
            "type": "Microsoft.Sql/servers/firewallRules",
            "apiVersion": "2020-08-01-preview",
            "name": "[concat(parameters('servers_covid_sb_name'), '/ClientIp-2020-8-13_10-10-12')]",
            "dependsOn": [
                "[resourceId('Microsoft.Sql/servers', parameters('servers_covid_sb_name'))]"
            ],
            "properties": {
                "startIpAddress": "178.75.103.114",
                "endIpAddress": "178.75.103.114"
            }
        },
        {
            "type": "Microsoft.Sql/servers/firewallRules",
            "apiVersion": "2020-08-01-preview",
            "name": "[concat(parameters('servers_covid_sb_name'), '/ClientIPAddress_2020-9-29_15-11-38')]",
            "dependsOn": [
                "[resourceId('Microsoft.Sql/servers', parameters('servers_covid_sb_name'))]"
            ],
            "properties": {
                "startIpAddress": "94.180.36.189",
                "endIpAddress": "94.180.36.189"
            }
        },
        {
            "type": "Microsoft.Sql/servers/firewallRules",
            "apiVersion": "2020-08-01-preview",
            "name": "[concat(parameters('servers_covid_sb_name'), '/ClientIPAddress_2021-03-25_08:45:43')]",
            "dependsOn": [
                "[resourceId('Microsoft.Sql/servers', parameters('servers_covid_sb_name'))]"
            ],
            "properties": {
                "startIpAddress": "176.212.68.4",
                "endIpAddress": "176.212.68.4"
            }
        },
        {
            "type": "Microsoft.Sql/servers/firewallRules",
            "apiVersion": "2020-08-01-preview",
            "name": "[concat(parameters('servers_covid_sb_name'), '/ClientIPAddress_2021-03-26_10:34:40')]",
            "dependsOn": [
                "[resourceId('Microsoft.Sql/servers', parameters('servers_covid_sb_name'))]"
            ],
            "properties": {
                "startIpAddress": "185.44.13.36",
                "endIpAddress": "185.44.13.36"
            }
        },
        {
            "type": "Microsoft.Sql/servers/firewallRules",
            "apiVersion": "2020-08-01-preview",
            "name": "[concat(parameters('servers_covid_sb_name'), '/ClientIPAddress_2021-04-14_12:05:48')]",
            "dependsOn": [
                "[resourceId('Microsoft.Sql/servers', parameters('servers_covid_sb_name'))]"
            ],
            "properties": {
                "startIpAddress": "5.165.204.14",
                "endIpAddress": "5.165.204.14"
            }
        },
        {
            "type": "Microsoft.Sql/servers/keys",
            "apiVersion": "2020-08-01-preview",
            "name": "[concat(parameters('servers_covid_sb_name'), '/ServiceManaged')]",
            "dependsOn": [
                "[resourceId('Microsoft.Sql/servers', parameters('servers_covid_sb_name'))]"
            ],
            "kind": "servicemanaged",
            "properties": {
                "serverKeyType": "ServiceManaged"
            }
        },
        {
            "type": "Microsoft.Sql/servers/securityAlertPolicies",
            "apiVersion": "2020-08-01-preview",
            "name": "[concat(parameters('servers_covid_sb_name'), '/Default')]",
            "dependsOn": [
                "[resourceId('Microsoft.Sql/servers', parameters('servers_covid_sb_name'))]"
            ],
            "properties": {
                "state": "Disabled",
                "disabledAlerts": [
                    ""
                ],
                "emailAddresses": [
                    ""
                ],
                "emailAccountAdmins": false,
                "retentionDays": 0
            }
        },
        {
            "type": "Microsoft.Sql/servers/vulnerabilityAssessments",
            "apiVersion": "2020-08-01-preview",
            "name": "[concat(parameters('servers_covid_sb_name'), '/Default')]",
            "dependsOn": [
                "[resourceId('Microsoft.Sql/servers', parameters('servers_covid_sb_name'))]"
            ],
            "properties": {
                "recurringScans": {
                    "isEnabled": false,
                    "emailSubscriptionAdmins": true
                },
                "storageContainerPath": "[parameters('vulnerabilityAssessments_Default_storageContainerPath')]"
            }
        },
        {
            "type": "Microsoft.Storage/storageAccounts/blobServices",
            "apiVersion": "2021-01-01",
            "name": "[concat(parameters('storageAccounts_covidsbstac2_name'), '/default')]",
            "dependsOn": [
                "[resourceId('Microsoft.Storage/storageAccounts', parameters('storageAccounts_covidsbstac2_name'))]"
            ],
            "sku": {
                "name": "Standard_LRS",
                "tier": "Standard"
            },
            "properties": {
                "cors": {
                    "corsRules": []
                },
                "deleteRetentionPolicy": {
                    "enabled": false
                }
            }
        },
        {
            "type": "Microsoft.Storage/storageAccounts/fileServices",
            "apiVersion": "2021-01-01",
            "name": "[concat(parameters('storageAccounts_covidsbstac2_name'), '/default')]",
            "dependsOn": [
                "[resourceId('Microsoft.Storage/storageAccounts', parameters('storageAccounts_covidsbstac2_name'))]"
            ],
            "sku": {
                "name": "Standard_LRS",
                "tier": "Standard"
            },
            "properties": {
                "protocolSettings": {
                    "smb": {}
                },
                "cors": {
                    "corsRules": []
                }
            }
        },
        {
            "type": "Microsoft.Storage/storageAccounts/queueServices",
            "apiVersion": "2021-01-01",
            "name": "[concat(parameters('storageAccounts_covidsbstac2_name'), '/default')]",
            "dependsOn": [
                "[resourceId('Microsoft.Storage/storageAccounts', parameters('storageAccounts_covidsbstac2_name'))]"
            ],
            "properties": {
                "cors": {
                    "corsRules": []
                }
            }
        },
        {
            "type": "Microsoft.Storage/storageAccounts/tableServices",
            "apiVersion": "2021-01-01",
            "name": "[concat(parameters('storageAccounts_covidsbstac2_name'), '/default')]",
            "dependsOn": [
                "[resourceId('Microsoft.Storage/storageAccounts', parameters('storageAccounts_covidsbstac2_name'))]"
            ],
            "properties": {
                "cors": {
                    "corsRules": []
                }
            }
        },
        {
            "type": "Microsoft.Sql/servers/databases/advisors",
            "apiVersion": "2014-04-01",
            "name": "[concat(parameters('servers_covid_sb_name'), '/SergeiBoikov-DWH/CreateIndex')]",
            "dependsOn": [
                "[resourceId('Microsoft.Sql/servers/databases', parameters('servers_covid_sb_name'), 'SergeiBoikov-DWH')]",
                "[resourceId('Microsoft.Sql/servers', parameters('servers_covid_sb_name'))]"
            ],
            "properties": {
                "autoExecuteValue": "Disabled"
            }
        },
        {
            "type": "Microsoft.Sql/servers/databases/advisors",
            "apiVersion": "2014-04-01",
            "name": "[concat(parameters('servers_covid_sb_name'), '/SergeiBoikov-DWH/DbParameterization')]",
            "dependsOn": [
                "[resourceId('Microsoft.Sql/servers/databases', parameters('servers_covid_sb_name'), 'SergeiBoikov-DWH')]",
                "[resourceId('Microsoft.Sql/servers', parameters('servers_covid_sb_name'))]"
            ],
            "properties": {
                "autoExecuteValue": "Disabled"
            }
        },
        {
            "type": "Microsoft.Sql/servers/databases/advisors",
            "apiVersion": "2014-04-01",
            "name": "[concat(parameters('servers_covid_sb_name'), '/SergeiBoikov-DWH/DefragmentIndex')]",
            "dependsOn": [
                "[resourceId('Microsoft.Sql/servers/databases', parameters('servers_covid_sb_name'), 'SergeiBoikov-DWH')]",
                "[resourceId('Microsoft.Sql/servers', parameters('servers_covid_sb_name'))]"
            ],
            "properties": {
                "autoExecuteValue": "Disabled"
            }
        },
        {
            "type": "Microsoft.Sql/servers/databases/advisors",
            "apiVersion": "2014-04-01",
            "name": "[concat(parameters('servers_covid_sb_name'), '/SergeiBoikov-DWH/DropIndex')]",
            "dependsOn": [
                "[resourceId('Microsoft.Sql/servers/databases', parameters('servers_covid_sb_name'), 'SergeiBoikov-DWH')]",
                "[resourceId('Microsoft.Sql/servers', parameters('servers_covid_sb_name'))]"
            ],
            "properties": {
                "autoExecuteValue": "Disabled"
            }
        },
        {
            "type": "Microsoft.Sql/servers/databases/advisors",
            "apiVersion": "2014-04-01",
            "name": "[concat(parameters('servers_covid_sb_name'), '/SergeiBoikov-DWH/ForceLastGoodPlan')]",
            "dependsOn": [
                "[resourceId('Microsoft.Sql/servers/databases', parameters('servers_covid_sb_name'), 'SergeiBoikov-DWH')]",
                "[resourceId('Microsoft.Sql/servers', parameters('servers_covid_sb_name'))]"
            ],
            "properties": {
                "autoExecuteValue": "Enabled"
            }
        },
        {
            "type": "Microsoft.Sql/servers/databases/auditingPolicies",
            "apiVersion": "2014-04-01",
            "name": "[concat(parameters('servers_covid_sb_name'), '/SergeiBoikov-DWH/Default')]",
            "location": "West Europe",
            "dependsOn": [
                "[resourceId('Microsoft.Sql/servers/databases', parameters('servers_covid_sb_name'), 'SergeiBoikov-DWH')]",
                "[resourceId('Microsoft.Sql/servers', parameters('servers_covid_sb_name'))]"
            ],
            "properties": {
                "auditingState": "Disabled"
            }
        },
        {
            "type": "Microsoft.Sql/servers/databases/auditingSettings",
            "apiVersion": "2020-08-01-preview",
            "name": "[concat(parameters('servers_covid_sb_name'), '/SergeiBoikov-DWH/Default')]",
            "dependsOn": [
                "[resourceId('Microsoft.Sql/servers/databases', parameters('servers_covid_sb_name'), 'SergeiBoikov-DWH')]",
                "[resourceId('Microsoft.Sql/servers', parameters('servers_covid_sb_name'))]"
            ],
            "properties": {
                "retentionDays": 0,
                "isAzureMonitorTargetEnabled": false,
                "state": "Disabled",
                "storageAccountSubscriptionId": "00000000-0000-0000-0000-000000000000"
            }
        },
        {
            "type": "Microsoft.Sql/servers/databases/backupLongTermRetentionPolicies",
            "apiVersion": "2020-08-01-preview",
            "name": "[concat(parameters('servers_covid_sb_name'), '/SergeiBoikov-DWH/default')]",
            "dependsOn": [
                "[resourceId('Microsoft.Sql/servers/databases', parameters('servers_covid_sb_name'), 'SergeiBoikov-DWH')]",
                "[resourceId('Microsoft.Sql/servers', parameters('servers_covid_sb_name'))]"
            ],
            "properties": {
                "weeklyRetention": "PT0S",
                "monthlyRetention": "PT0S",
                "yearlyRetention": "PT0S",
                "weekOfYear": 0
            }
        },
        {
            "type": "Microsoft.Sql/servers/databases/backupShortTermRetentionPolicies",
            "apiVersion": "2020-08-01-preview",
            "name": "[concat(parameters('servers_covid_sb_name'), '/SergeiBoikov-DWH/default')]",
            "dependsOn": [
                "[resourceId('Microsoft.Sql/servers/databases', parameters('servers_covid_sb_name'), 'SergeiBoikov-DWH')]",
                "[resourceId('Microsoft.Sql/servers', parameters('servers_covid_sb_name'))]"
            ],
            "properties": {
                "retentionDays": 7
            }
        },
        {
            "type": "Microsoft.Sql/servers/databases/extendedAuditingSettings",
            "apiVersion": "2020-08-01-preview",
            "name": "[concat(parameters('servers_covid_sb_name'), '/SergeiBoikov-DWH/Default')]",
            "dependsOn": [
                "[resourceId('Microsoft.Sql/servers/databases', parameters('servers_covid_sb_name'), 'SergeiBoikov-DWH')]",
                "[resourceId('Microsoft.Sql/servers', parameters('servers_covid_sb_name'))]"
            ],
            "properties": {
                "retentionDays": 0,
                "isAzureMonitorTargetEnabled": false,
                "state": "Disabled",
                "storageAccountSubscriptionId": "00000000-0000-0000-0000-000000000000"
            }
        },
        {
            "type": "Microsoft.Sql/servers/databases/geoBackupPolicies",
            "apiVersion": "2014-04-01",
            "name": "[concat(parameters('servers_covid_sb_name'), '/SergeiBoikov-DWH/Default')]",
            "location": "West Europe",
            "dependsOn": [
                "[resourceId('Microsoft.Sql/servers/databases', parameters('servers_covid_sb_name'), 'SergeiBoikov-DWH')]",
                "[resourceId('Microsoft.Sql/servers', parameters('servers_covid_sb_name'))]"
            ],
            "properties": {
                "state": "Enabled"
            }
        },
        {
            "type": "Microsoft.Sql/servers/databases/securityAlertPolicies",
            "apiVersion": "2020-08-01-preview",
            "name": "[concat(parameters('servers_covid_sb_name'), '/SergeiBoikov-DWH/Default')]",
            "dependsOn": [
                "[resourceId('Microsoft.Sql/servers/databases', parameters('servers_covid_sb_name'), 'SergeiBoikov-DWH')]",
                "[resourceId('Microsoft.Sql/servers', parameters('servers_covid_sb_name'))]"
            ],
            "properties": {
                "state": "Disabled",
                "disabledAlerts": [
                    ""
                ],
                "emailAddresses": [
                    ""
                ],
                "emailAccountAdmins": false,
                "retentionDays": 0
            }
        },
        {
            "type": "Microsoft.Sql/servers/databases/transparentDataEncryption",
            "apiVersion": "2014-04-01",
            "name": "[concat(parameters('servers_covid_sb_name'), '/SergeiBoikov-DWH/current')]",
            "location": "West Europe",
            "dependsOn": [
                "[resourceId('Microsoft.Sql/servers/databases', parameters('servers_covid_sb_name'), 'SergeiBoikov-DWH')]",
                "[resourceId('Microsoft.Sql/servers', parameters('servers_covid_sb_name'))]"
            ],
            "properties": {
                "status": "Enabled"
            }
        },
        {
            "type": "Microsoft.Sql/servers/databases/vulnerabilityAssessments",
            "apiVersion": "2020-08-01-preview",
            "name": "[concat(parameters('servers_covid_sb_name'), '/SergeiBoikov-DWH/Default')]",
            "dependsOn": [
                "[resourceId('Microsoft.Sql/servers/databases', parameters('servers_covid_sb_name'), 'SergeiBoikov-DWH')]",
                "[resourceId('Microsoft.Sql/servers', parameters('servers_covid_sb_name'))]"
            ],
            "properties": {
                "recurringScans": {
                    "isEnabled": false,
                    "emailSubscriptionAdmins": true
                }
            }
        },
        {
            "type": "Microsoft.Storage/storageAccounts/blobServices/containers",
            "apiVersion": "2021-01-01",
            "name": "[concat(parameters('storageAccounts_covidsbstac2_name'), '/default/covidsbcontainer')]",
            "dependsOn": [
                "[resourceId('Microsoft.Storage/storageAccounts/blobServices', parameters('storageAccounts_covidsbstac2_name'), 'default')]",
                "[resourceId('Microsoft.Storage/storageAccounts', parameters('storageAccounts_covidsbstac2_name'))]"
            ],
            "properties": {
                "defaultEncryptionScope": "$account-encryption-key",
                "denyEncryptionScopeOverride": false,
                "publicAccess": "None"
            }
        }
    ]
}