{
    "$schema": "https://schema.management.azure.com/schemas/2015-01-01/deploymentParameters.json#",
    "contentVersion": "1.0.0.0",
    "parameters": {
        "name": {
            "value": {
                "type": "String",
                "value": "covid-sb-df"
            }
        },
        "version": {
            "value": {
                "type": "String",
                "value": "V2"
            }
        },
        "location": {
            "value": {
                "type": "String",
                "value": "westus"
            }
        },
        "apiVersion": {
            "value": {
                "type": "String",
                "value": "2018-06-01"
            }
        },
        "tagsByResource": {
            "value": {
                "type": "Object",
                "value": {
                    "Microsoft.DataFactory/factories": {
                        "Environment": "Dev",
                        "Project": "Covid"
                    }
                }
            }
        },
        "vNetEnabled": {
            "value": {
                "type": "Bool",
                "value": false
            }
        },
        "gitConfigureLater": {
            "value": {
                "type": "Bool",
                "value": false
            }
        },
        "gitRepoType": {
            "value": {
                "type": "String",
                "value": "FactoryGitHubConfiguration"
            }
        },
        "gitAccountName": {
            "value": {
                "type": "String",
                "value": "sergeiboikov"
            }
        },
        "gitProjectName": {
            "value": {
                "type": "String",
                "value": ""
            }
        },
        "gitRepositoryName": {
            "value": {
                "type": "String",
                "value": "SergeiBoikov-ADF"
            }
        },
        "gitCollaborationBranch": {
            "value": {
                "type": "String",
                "value": "master"
            }
        },
        "gitRootFolder": {
            "value": {
                "type": "String",
                "value": "/"
            }
        }
    }
}