{
    "$schema": "http://schema.management.azure.com/schemas/2015-01-01/deploymentTemplate.json#",
    "contentVersion": "1.0.0.0",
    "parameters": {
        "factoryName": {
            "type": "string",
            "metadata": "Data Factory name",
            "defaultValue": "covid-sb-df"
        },
        "AzureSqlDatabase_connectionString": {
            "type": "secureString",
            "metadata": "Secure string for 'connectionString' of 'AzureSqlDatabase'"
        },
        "AzureDataLakeStorage_LS_properties_typeProperties_url": {
            "type": "string",
            "defaultValue": "https://covidsbstac2.dfs.core.windows.net"
        },
        "AzureKeyVault_properties_typeProperties_baseUrl": {
            "type": "string",
            "defaultValue": "https://covid-sb-kv.vault.azure.net/"
        },
        "CovidIntegrationRuntime_properties_typeProperties_ssisProperties_catalogInfo_catalogServerEndpoint": {
            "type": "string",
            "defaultValue": "covid-sb.database.windows.net"
        },
        "CovidIntegrationRuntime_properties_typeProperties_ssisProperties_catalogInfo_catalogAdminUserName": {
            "type": "string",
            "defaultValue": "azureadmin"
        },
        "CovidIntegrationRuntime_properties_typeProperties_ssisProperties_catalogInfo_catalogAdminPassword": {
            "type": "secureString"
        },
        "covid-sb-IR-2020-08-14T12-57-27Z_properties_typeProperties_ssisProperties_catalogInfo_catalogServerEndpoint": {
            "type": "string",
            "defaultValue": "covid-sb.database.windows.net"
        },
        "covid-sb-IR-2020-08-14T12-57-27Z_properties_typeProperties_ssisProperties_catalogInfo_catalogAdminUserName": {
            "type": "string",
            "defaultValue": "azureadmin"
        },
        "covid-sb-IR-2020-08-14T12-57-27Z_properties_typeProperties_ssisProperties_catalogInfo_catalogAdminPassword": {
            "type": "secureString"
        },
        "containerUri": {
            "type": "string",
            "metadata": "URI to storage account containing linked ARM templates"
        },
        "containerSasToken": {
            "type": "string",
            "metadata": "Sas token to storage account containing linked ARM templates"
        }
    },
    "variables": {
        "factoryId": "[concat('Microsoft.DataFactory/factories/', parameters('factoryName'))]"
    },
    "resources": [
        {
            "name": "covid-sb-df_ArmTemplate_0",
            "type": "Microsoft.Resources/deployments",
            "apiVersion": "2018-02-01",
            "properties": {
                "mode": "incremental",
                "templateLink": {
                    "uri": "[concat(parameters('containerUri'), '/ArmTemplate_0.json', parameters('containerSasToken'))]",
                    "contentVersion": "1.0.0.0"
                },
                "parameters": {
                    "factoryName": {
                        "value": "[parameters('factoryName')]"
                    },
                    "AzureSqlDatabase_connectionString": {
                        "value": "[parameters('AzureSqlDatabase_connectionString')]"
                    },
                    "AzureDataLakeStorage_LS_properties_typeProperties_url": {
                        "value": "[parameters('AzureDataLakeStorage_LS_properties_typeProperties_url')]"
                    },
                    "AzureKeyVault_properties_typeProperties_baseUrl": {
                        "value": "[parameters('AzureKeyVault_properties_typeProperties_baseUrl')]"
                    },
                    "CovidIntegrationRuntime_properties_typeProperties_ssisProperties_catalogInfo_catalogServerEndpoint": {
                        "value": "[parameters('CovidIntegrationRuntime_properties_typeProperties_ssisProperties_catalogInfo_catalogServerEndpoint')]"
                    },
                    "CovidIntegrationRuntime_properties_typeProperties_ssisProperties_catalogInfo_catalogAdminUserName": {
                        "value": "[parameters('CovidIntegrationRuntime_properties_typeProperties_ssisProperties_catalogInfo_catalogAdminUserName')]"
                    },
                    "CovidIntegrationRuntime_properties_typeProperties_ssisProperties_catalogInfo_catalogAdminPassword": {
                        "value": "[parameters('CovidIntegrationRuntime_properties_typeProperties_ssisProperties_catalogInfo_catalogAdminPassword')]"
                    },
                    "covid-sb-IR-2020-08-14T12-57-27Z_properties_typeProperties_ssisProperties_catalogInfo_catalogServerEndpoint": {
                        "value": "[parameters('covid-sb-IR-2020-08-14T12-57-27Z_properties_typeProperties_ssisProperties_catalogInfo_catalogServerEndpoint')]"
                    },
                    "covid-sb-IR-2020-08-14T12-57-27Z_properties_typeProperties_ssisProperties_catalogInfo_catalogAdminUserName": {
                        "value": "[parameters('covid-sb-IR-2020-08-14T12-57-27Z_properties_typeProperties_ssisProperties_catalogInfo_catalogAdminUserName')]"
                    },
                    "covid-sb-IR-2020-08-14T12-57-27Z_properties_typeProperties_ssisProperties_catalogInfo_catalogAdminPassword": {
                        "value": "[parameters('covid-sb-IR-2020-08-14T12-57-27Z_properties_typeProperties_ssisProperties_catalogInfo_catalogAdminPassword')]"
                    }
                }
            },
            "dependsOn": []
        }
    ]
}