{
    "$schema": "http://schema.management.azure.com/schemas/2015-01-01/deploymentTemplate.json#",
    "contentVersion": "1.0.0.0",
    "parameters": {
        "factoryName": {
            "type": "string",
            "metadata": "Data Factory name",
            "defaultValue": "covid-sb-df"
        },
        "AzureDataLakeStorage_servicePrincipalCredential": {
            "type": "secureString",
            "metadata": "Secure string for 'servicePrincipalCredential' of 'AzureDataLakeStorage'"
        },
        "AzureDatabricks_accessToken": {
            "type": "secureString",
            "metadata": "Secure string for 'accessToken' of 'AzureDatabricks'"
        },
        "AzureSqlDatabase_connectionString": {
            "type": "secureString",
            "metadata": "Secure string for 'connectionString' of 'AzureSqlDatabase'"
        },
        "AzureDataLakeStorage_properties_typeProperties_url": {
            "type": "string",
            "defaultValue": "https://covidsbstac2.dfs.core.windows.net"
        },
        "AzureDataLakeStorage_properties_typeProperties_tenant": {
            "type": "string",
            "defaultValue": "b41b72d0-4e9f-4c26-8a69-f949f367c91d"
        },
        "AzureDataLakeStorage_properties_typeProperties_servicePrincipalId": {
            "type": "string",
            "defaultValue": "05b0a1db-8ab9-4352-803a-94b3e82d3edc"
        },
        "AzureKeyVault_properties_typeProperties_baseUrl": {
            "type": "string",
            "defaultValue": "https://covid-sb-kv.vault.azure.net/"
        },
        "CovidIntegrationRuntime_properties_typeProperties_ssisProperties_catalogInfo_catalogServerEndpoint": {
            "type": "string",
            "defaultValue": "covid-sb.database.windows.net"
        },
        "CovidIntegrationRuntime_properties_typeProperties_ssisProperties_catalogInfo_catalogAdminUserName": {
            "type": "string",
            "defaultValue": "azureadmin"
        },
        "CovidIntegrationRuntime_properties_typeProperties_ssisProperties_catalogInfo_catalogAdminPassword": {
            "type": "secureString"
        },
        "covid-sb-IR-2020-08-14T12-57-27Z_properties_typeProperties_ssisProperties_catalogInfo_catalogServerEndpoint": {
            "type": "string",
            "defaultValue": "covid-sb.database.windows.net"
        },
        "covid-sb-IR-2020-08-14T12-57-27Z_properties_typeProperties_ssisProperties_catalogInfo_catalogAdminUserName": {
            "type": "string",
            "defaultValue": "azureadmin"
        },
        "covid-sb-IR-2020-08-14T12-57-27Z_properties_typeProperties_ssisProperties_catalogInfo_catalogAdminPassword": {
            "type": "secureString"
        }
    },
    "variables": {
        "factoryId": "[concat('Microsoft.DataFactory/factories/', parameters('factoryName'))]"
    },
    "resources": [
        {
            "name": "[concat(parameters('factoryName'), '/AzureDataLakeStorage')]",
            "type": "Microsoft.DataFactory/factories/linkedServices",
            "apiVersion": "2018-06-01",
            "properties": {
                "annotations": [],
                "type": "AzureBlobFS",
                "typeProperties": {
                    "url": "[parameters('AzureDataLakeStorage_properties_typeProperties_url')]",
                    "tenant": "[parameters('AzureDataLakeStorage_properties_typeProperties_tenant')]",
                    "servicePrincipalId": "[parameters('AzureDataLakeStorage_properties_typeProperties_servicePrincipalId')]",
                    "servicePrincipalCredentialType": "ServicePrincipalKey",
                    "servicePrincipalCredential": {
                        "type": "SecureString",
                        "value": "[parameters('AzureDataLakeStorage_servicePrincipalCredential')]"
                    }
                }
            },
            "dependsOn": []
        },
        {
            "name": "[concat(parameters('factoryName'), '/AzureDatabricks')]",
            "type": "Microsoft.DataFactory/factories/linkedServices",
            "apiVersion": "2018-06-01",
            "properties": {
                "description": "covid-sb databricks cluster",
                "annotations": [],
                "type": "AzureDatabricks",
                "typeProperties": {
                    "domain": "https://adb-2033260146176876.16.azuredatabricks.net",
                    "accessToken": {
                        "type": "SecureString",
                        "value": "[parameters('AzureDatabricks_accessToken')]"
                    },
                    "existingClusterId": "0325-062347-pegs613"
                }
            },
            "dependsOn": []
        },
        {
            "name": "[concat(parameters('factoryName'), '/AzureKeyVault')]",
            "type": "Microsoft.DataFactory/factories/linkedServices",
            "apiVersion": "2018-06-01",
            "properties": {
                "annotations": [],
                "type": "AzureKeyVault",
                "typeProperties": {
                    "baseUrl": "[parameters('AzureKeyVault_properties_typeProperties_baseUrl')]"
                }
            },
            "dependsOn": []
        },
        {
            "name": "[concat(parameters('factoryName'), '/CovidIntegrationRuntime')]",
            "type": "Microsoft.DataFactory/factories/integrationRuntimes",
            "apiVersion": "2018-06-01",
            "properties": {
                "type": "Managed",
                "description": "Covid integration runtime",
                "typeProperties": {
                    "computeProperties": {
                        "location": "West Europe",
                        "nodeSize": "Standard_D1_v2",
                        "numberOfNodes": 1,
                        "maxParallelExecutionsPerNode": 1
                    },
                    "ssisProperties": {
                        "catalogInfo": {
                            "catalogServerEndpoint": "[parameters('CovidIntegrationRuntime_properties_typeProperties_ssisProperties_catalogInfo_catalogServerEndpoint')]",
                            "catalogAdminUserName": "[parameters('CovidIntegrationRuntime_properties_typeProperties_ssisProperties_catalogInfo_catalogAdminUserName')]",
                            "catalogAdminPassword": {
                                "type": "SecureString",
                                "value": "[parameters('CovidIntegrationRuntime_properties_typeProperties_ssisProperties_catalogInfo_catalogAdminPassword')]"
                            },
                            "catalogPricingTier": "S1"
                        },
                        "edition": "Standard",
                        "licenseType": "LicenseIncluded"
                    }
                }
            },
            "dependsOn": []
        },
        {
            "name": "[concat(parameters('factoryName'), '/covid-sb-IR-2020-08-14T12-57-27Z')]",
            "type": "Microsoft.DataFactory/factories/integrationRuntimes",
            "apiVersion": "2018-06-01",
            "properties": {
                "type": "Managed",
                "typeProperties": {
                    "computeProperties": {
                        "location": "West Europe",
                        "nodeSize": "Standard_D8_v3",
                        "numberOfNodes": 1,
                        "maxParallelExecutionsPerNode": 1
                    },
                    "ssisProperties": {
                        "catalogInfo": {
                            "catalogServerEndpoint": "[parameters('covid-sb-IR-2020-08-14T12-57-27Z_properties_typeProperties_ssisProperties_catalogInfo_catalogServerEndpoint')]",
                            "catalogAdminUserName": "[parameters('covid-sb-IR-2020-08-14T12-57-27Z_properties_typeProperties_ssisProperties_catalogInfo_catalogAdminUserName')]",
                            "catalogAdminPassword": {
                                "type": "SecureString",
                                "value": "[parameters('covid-sb-IR-2020-08-14T12-57-27Z_properties_typeProperties_ssisProperties_catalogInfo_catalogAdminPassword')]"
                            },
                            "catalogPricingTier": "S1"
                        },
                        "edition": "Standard",
                        "licenseType": "BasePrice"
                    }
                }
            },
            "dependsOn": []
        },
        {
            "name": "[concat(parameters('factoryName'), '/prepare_CovidFile')]",
            "type": "Microsoft.DataFactory/factories/pipelines",
            "apiVersion": "2018-06-01",
            "properties": {
                "description": "Prepare Covid file for staging",
                "activities": [
                    {
                        "name": "prepare_covid_file_task",
                        "description": "Notebook activity for preparation covid file for staging",
                        "type": "DatabricksNotebook",
                        "dependsOn": [],
                        "policy": {
                            "timeout": "7.00:00:00",
                            "retry": 0,
                            "retryIntervalInSeconds": 30,
                            "secureOutput": false,
                            "secureInput": false
                        },
                        "userProperties": [
                            {
                                "name": "fileName",
                                "value": "@pipeline().parameters.fileName"
                            }
                        ],
                        "typeProperties": {
                            "notebookPath": "/Users/sergei_boikov@epam.com/CovidProjectNotebooks/TransformCovidFileDL",
                            "baseParameters": {
                                "fileName": {
                                    "value": "@pipeline().parameters.fileName",
                                    "type": "Expression"
                                }
                            }
                        },
                        "linkedServiceName": {
                            "referenceName": "AzureDatabricks",
                            "type": "LinkedServiceReference"
                        }
                    }
                ],
                "parameters": {
                    "fileName": {
                        "type": "string",
                        "defaultValue": "CoordStatusMA_Short.csv"
                    }
                },
                "annotations": []
            },
            "dependsOn": [
                "[concat(variables('factoryId'), '/linkedServices/AzureDatabricks')]"
            ]
        },
        {
            "name": "[concat(parameters('factoryName'), '/PreparedCovidFile')]",
            "type": "Microsoft.DataFactory/factories/datasets",
            "apiVersion": "2018-06-01",
            "properties": {
                "description": "Prepared file for staging",
                "linkedServiceName": {
                    "referenceName": "AzureDataLakeStorage",
                    "type": "LinkedServiceReference"
                },
                "annotations": [],
                "type": "DelimitedText",
                "typeProperties": {
                    "location": {
                        "type": "AzureBlobFSLocation",
                        "fileName": "CoordStatusMA_Short_prepared.csv",
                        "folderPath": "output",
                        "fileSystem": "covidsbcontainer"
                    },
                    "columnDelimiter": ",",
                    "escapeChar": "\\",
                    "firstRowAsHeader": true,
                    "quoteChar": "\""
                },
                "schema": [
                    {
                        "name": "Status",
                        "type": "String"
                    },
                    {
                        "name": "Date",
                        "type": "String"
                    },
                    {
                        "name": "Latitude",
                        "type": "String"
                    },
                    {
                        "name": "Longitude",
                        "type": "String"
                    },
                    {
                        "name": "Count",
                        "type": "String"
                    }
                ]
            },
            "dependsOn": [
                "[concat(variables('factoryId'), '/linkedServices/AzureDataLakeStorage')]"
            ]
        },
        {
            "name": "[concat(parameters('factoryName'), '/AzureSqlDatabase')]",
            "type": "Microsoft.DataFactory/factories/linkedServices",
            "apiVersion": "2018-06-01",
            "properties": {
                "annotations": [],
                "type": "AzureSqlDatabase",
                "typeProperties": {
                    "connectionString": "[parameters('AzureSqlDatabase_connectionString')]",
                    "password": {
                        "type": "AzureKeyVaultSecret",
                        "store": {
                            "referenceName": "AzureKeyVault",
                            "type": "LinkedServiceReference"
                        },
                        "secretName": "password"
                    }
                }
            },
            "dependsOn": [
                "[concat(variables('factoryId'), '/linkedServices/AzureKeyVault')]"
            ]
        },
        {
            "name": "[concat(parameters('factoryName'), '/staging_Covid_untyped')]",
            "type": "Microsoft.DataFactory/factories/datasets",
            "apiVersion": "2018-06-01",
            "properties": {
                "linkedServiceName": {
                    "referenceName": "AzureSqlDatabase",
                    "type": "LinkedServiceReference"
                },
                "annotations": [],
                "type": "AzureSqlTable",
                "schema": [
                    {
                        "name": "Status",
                        "type": "nvarchar"
                    },
                    {
                        "name": "Date",
                        "type": "nvarchar"
                    },
                    {
                        "name": "Latitude",
                        "type": "nvarchar"
                    },
                    {
                        "name": "Longitude",
                        "type": "nvarchar"
                    },
                    {
                        "name": "Count",
                        "type": "nvarchar"
                    },
                    {
                        "name": "sysCreatedAt",
                        "type": "datetime",
                        "precision": 23,
                        "scale": 3
                    },
                    {
                        "name": "sysChangedAt",
                        "type": "datetime",
                        "precision": 23,
                        "scale": 3
                    },
                    {
                        "name": "sysCreatedBy",
                        "type": "int",
                        "precision": 10
                    },
                    {
                        "name": "sysChangedBy",
                        "type": "int",
                        "precision": 10
                    }
                ],
                "typeProperties": {
                    "schema": "staging",
                    "table": "Covid_untyped"
                }
            },
            "dependsOn": [
                "[concat(variables('factoryId'), '/linkedServices/AzureSqlDatabase')]"
            ]
        },
        {
            "name": "[concat(parameters('factoryName'), '/staging_Load_Covid_untyped')]",
            "type": "Microsoft.DataFactory/factories/pipelines",
            "apiVersion": "2018-06-01",
            "properties": {
                "activities": [
                    {
                        "name": "copy_prepared_file_staging_untyped",
                        "description": "Copy prepared CovidFile from DataLake into staging ",
                        "type": "Copy",
                        "dependsOn": [],
                        "policy": {
                            "timeout": "7.00:00:00",
                            "retry": 0,
                            "retryIntervalInSeconds": 30,
                            "secureOutput": false,
                            "secureInput": false
                        },
                        "userProperties": [],
                        "typeProperties": {
                            "source": {
                                "type": "DelimitedTextSource",
                                "storeSettings": {
                                    "type": "AzureBlobFSReadSettings",
                                    "recursive": true
                                },
                                "formatSettings": {
                                    "type": "DelimitedTextReadSettings"
                                }
                            },
                            "sink": {
                                "type": "AzureSqlSink",
                                "preCopyScript": "TRUNCATE TABLE staging.Covid_untyped",
                                "disableMetricsCollection": false
                            },
                            "enableStaging": false,
                            "dataIntegrationUnits": 2,
                            "translator": {
                                "type": "TabularTranslator",
                                "mappings": [
                                    {
                                        "source": {
                                            "name": "Status",
                                            "type": "String",
                                            "physicalType": "String"
                                        },
                                        "sink": {
                                            "name": "Status",
                                            "type": "String",
                                            "physicalType": "nvarchar"
                                        }
                                    },
                                    {
                                        "source": {
                                            "name": "Date",
                                            "type": "String",
                                            "physicalType": "String"
                                        },
                                        "sink": {
                                            "name": "Date",
                                            "type": "String",
                                            "physicalType": "nvarchar"
                                        }
                                    },
                                    {
                                        "source": {
                                            "name": "Latitude",
                                            "type": "String",
                                            "physicalType": "String"
                                        },
                                        "sink": {
                                            "name": "Latitude",
                                            "type": "String",
                                            "physicalType": "nvarchar"
                                        }
                                    },
                                    {
                                        "source": {
                                            "name": "Longitude",
                                            "type": "String",
                                            "physicalType": "String"
                                        },
                                        "sink": {
                                            "name": "Longitude",
                                            "type": "String",
                                            "physicalType": "nvarchar"
                                        }
                                    },
                                    {
                                        "source": {
                                            "name": "Count",
                                            "type": "String",
                                            "physicalType": "String"
                                        },
                                        "sink": {
                                            "name": "Count",
                                            "type": "String",
                                            "physicalType": "nvarchar"
                                        }
                                    }
                                ],
                                "typeConversion": true,
                                "typeConversionSettings": {
                                    "allowDataTruncation": true,
                                    "treatBooleanAsNumber": false
                                }
                            }
                        },
                        "inputs": [
                            {
                                "referenceName": "PreparedCovidFile",
                                "type": "DatasetReference",
                                "parameters": {}
                            }
                        ],
                        "outputs": [
                            {
                                "referenceName": "staging_Covid_untyped",
                                "type": "DatasetReference",
                                "parameters": {}
                            }
                        ]
                    }
                ],
                "annotations": []
            },
            "dependsOn": [
                "[concat(variables('factoryId'), '/datasets/PreparedCovidFile')]",
                "[concat(variables('factoryId'), '/datasets/staging_Covid_untyped')]"
            ]
        },
        {
            "name": "[concat(parameters('factoryName'), '/Master')]",
            "type": "Microsoft.DataFactory/factories/pipelines",
            "apiVersion": "2018-06-01",
            "properties": {
                "description": "Master pipeline for covid project",
                "activities": [
                    {
                        "name": "Execute prepare_CovidFile",
                        "description": "Execute prepare_CovidFile pipeline",
                        "type": "ExecutePipeline",
                        "dependsOn": [],
                        "userProperties": [],
                        "typeProperties": {
                            "pipeline": {
                                "referenceName": "prepare_CovidFile",
                                "type": "PipelineReference"
                            },
                            "waitOnCompletion": true,
                            "parameters": {
                                "fileName": {
                                    "value": "@pipeline().parameters.FileName",
                                    "type": "Expression"
                                }
                            }
                        }
                    },
                    {
                        "name": "Execute staging_Covid_untyped",
                        "description": "Execute staging_Covid_untyped pipeline",
                        "type": "ExecutePipeline",
                        "dependsOn": [
                            {
                                "activity": "Execute prepare_CovidFile",
                                "dependencyConditions": [
                                    "Succeeded"
                                ]
                            }
                        ],
                        "userProperties": [],
                        "typeProperties": {
                            "pipeline": {
                                "referenceName": "staging_Load_Covid_untyped",
                                "type": "PipelineReference"
                            },
                            "waitOnCompletion": true,
                            "parameters": {}
                        }
                    }
                ],
                "parameters": {
                    "FileName": {
                        "type": "string",
                        "defaultValue": "CoordStatusMA.csv"
                    }
                },
                "annotations": []
            },
            "dependsOn": [
                "[concat(variables('factoryId'), '/pipelines/prepare_CovidFile')]",
                "[concat(variables('factoryId'), '/pipelines/staging_Load_Covid_untyped')]"
            ]
        }
    ]
}