{
    "$schema": "https://schema.management.azure.com/schemas/2015-01-01/deploymentParameters.json#",
    "contentVersion": "1.0.0.0",
    "parameters": {
        "administratorLogin": {
            "value": {
                "type": "String",
                "value": "azureadmin"
            }
        },
        "administratorLoginPassword": {
            "value": null
        },
        "collation": {
            "value": {
                "type": "String",
                "value": "SQL_Latin1_General_CP1_CI_AS"
            }
        },
        "databaseName": {
            "value": {
                "type": "String",
                "value": "SergeiBoikov-DWH"
            }
        },
        "tier": {
            "value": {
                "type": "String",
                "value": "Basic"
            }
        },
        "skuName": {
            "value": {
                "type": "String",
                "value": "Basic"
            }
        },
        "location": {
            "value": {
                "type": "String",
                "value": "westeurope"
            }
        },
        "maxSizeBytes": {
            "value": {
                "type": "Int",
                "value": 2147483648
            }
        },
        "serverName": {
            "value": {
                "type": "String",
                "value": "covid-sb"
            }
        },
        "sampleName": {
            "value": {
                "type": "String",
                "value": ""
            }
        },
        "zoneRedundant": {
            "value": {
                "type": "Bool",
                "value": false
            }
        },
        "licenseType": {
            "value": {
                "type": "String",
                "value": ""
            }
        },
        "readScaleOut": {
            "value": {
                "type": "String",
                "value": "Disabled"
            }
        },
        "numberOfReplicas": {
            "value": {
                "type": "Int",
                "value": 0
            }
        },
        "minCapacity": {
            "value": {
                "type": "String",
                "value": ""
            }
        },
        "autoPauseDelay": {
            "value": {
                "type": "String",
                "value": ""
            }
        },
        "enableADS": {
            "value": {
                "type": "Bool",
                "value": false
            }
        },
        "allowAzureIps": {
            "value": {
                "type": "Bool",
                "value": true
            }
        },
        "databaseTags": {
            "value": {
                "type": "Object",
                "value": {
                    "Environment": "Dev",
                    "Project": "Covid"
                }
            }
        },
        "serverTags": {
            "value": {
                "type": "Object",
                "value": {
                    "Environment": "Dev",
                    "Project": "Covid"
                }
            }
        },
        "enableVA": {
            "value": {
                "type": "Bool",
                "value": false
            }
        },
        "useVAManagedIdentity": {
            "value": {
                "type": "Bool",
                "value": false
            }
        },
        "enablePrivateEndpoint": {
            "value": {
                "type": "Bool",
                "value": false
            }
        },
        "privateEndpointNestedTemplateId": {
            "value": {
                "type": "String",
                "value": "pe-8d257da0-097f-41c4-8056-83a8821eb016"
            }
        },
        "privateEndpointSubscriptionId": {
            "value": {
                "type": "String",
                "value": ""
            }
        },
        "privateEndpointResourceGroup": {
            "value": {
                "type": "String",
                "value": ""
            }
        },
        "privateEndpointName": {
            "value": {
                "type": "String",
                "value": ""
            }
        },
        "privateEndpointLocation": {
            "value": {
                "type": "String",
                "value": ""
            }
        },
        "privateEndpointSubnetId": {
            "value": {
                "type": "String",
                "value": ""
            }
        },
        "privateLinkServiceName": {
            "value": {
                "type": "String",
                "value": ""
            }
        },
        "privateLinkServiceServiceId": {
            "value": {
                "type": "String",
                "value": ""
            }
        },
        "privateEndpointVnetSubscriptionId": {
            "value": {
                "type": "String",
                "value": ""
            }
        },
        "privateEndpointVnetResourceGroup": {
            "value": {
                "type": "String",
                "value": ""
            }
        },
        "privateEndpointVnetName": {
            "value": {
                "type": "String",
                "value": ""
            }
        },
        "privateEndpointSubnetName": {
            "value": {
                "type": "String",
                "value": ""
            }
        },
        "enablePrivateDnsZone": {
            "value": {
                "type": "Bool",
                "value": true
            }
        },
        "privateLinkPrivateDnsZoneFQDN": {
            "value": {
                "type": "String",
                "value": "privatelink.database.windows.net"
            }
        },
        "privateEndpointDnsRecordUniqueId": {
            "value": {
                "type": "String",
                "value": "8d257da0-097f-41c4-8056-83a8821eb019"
            }
        },
        "privateEndpointTemplateLink": {
            "value": {
                "type": "String",
                "value": "https://sqlazureextension.hosting.portal.azure.net/sqlazureextension/Content/2.1.0130857/DeploymentTemplates/PrivateEndpoint.json"
            }
        },
        "privateDnsForPrivateEndpointTemplateLink": {
            "value": {
                "type": "String",
                "value": "https://sqlazureextension.hosting.portal.azure.net/sqlazureextension/Content/2.1.0130857/DeploymentTemplates/PrivateDnsForPrivateEndpoint.json"
            }
        },
        "privateDnsForPrivateEndpointNicTemplateLink": {
            "value": {
                "type": "String",
                "value": "https://sqlazureextension.hosting.portal.azure.net/sqlazureextension/Content/2.1.0130857/DeploymentTemplates/PrivateDnsForPrivateEndpointNic.json"
            }
        },
        "privateDnsForPrivateEndpointIpConfigTemplateLink": {
            "value": {
                "type": "String",
                "value": "https://sqlazureextension.hosting.portal.azure.net/sqlazureextension/Content/2.1.0130857/DeploymentTemplates/PrivateDnsForPrivateEndpointIpConfig.json"
            }
        },
        "allowClientIp": {
            "value": {
                "type": "Bool",
                "value": true
            }
        },
        "clientIpRuleName": {
            "value": {
                "type": "String",
                "value": "ClientIp-2020-8-13_10-10-12"
            }
        },
        "clientIpValue": {
            "value": {
                "type": "String",
                "value": "178.75.103.114"
            }
        }
    }
}