{
    "$schema": "https://schema.management.azure.com/schemas/2015-01-01/deploymentParameters.json#",
    "contentVersion": "1.0.0.0",
    "parameters": {
        "name": {
            "value": {
                "type": "String",
                "value": "covid-sb-kv"
            }
        },
        "location": {
            "value": {
                "type": "String",
                "value": "westeurope"
            }
        },
        "sku": {
            "value": {
                "type": "String",
                "value": "Standard"
            }
        },
        "accessPolicies": {
            "value": {
                "type": "Array",
                "value": [
                    {
                        "objectId": "9da4f869-bfe8-4441-b3ac-dbc873ffef1b",
                        "tenantId": "b41b72d0-4e9f-4c26-8a69-f949f367c91d",
                        "permissions": {
                            "keys": [
                                "Get",
                                "List",
                                "Update",
                                "Create",
                                "Import",
                                "Delete",
                                "Recover",
                                "Backup",
                                "Restore"
                            ],
                            "secrets": [
                                "Get",
                                "List",
                                "Set",
                                "Delete",
                                "Recover",
                                "Backup",
                                "Restore"
                            ],
                            "certificates": [
                                "Get",
                                "List",
                                "Update",
                                "Create",
                                "Import",
                                "Delete",
                                "Recover",
                                "Backup",
                                "Restore",
                                "ManageContacts",
                                "ManageIssuers",
                                "GetIssuers",
                                "ListIssuers",
                                "SetIssuers",
                                "DeleteIssuers"
                            ]
                        }
                    }
                ]
            }
        },
        "tenant": {
            "value": {
                "type": "String",
                "value": "b41b72d0-4e9f-4c26-8a69-f949f367c91d"
            }
        },
        "enabledForDeployment": {
            "value": {
                "type": "Bool",
                "value": false
            }
        },
        "enabledForTemplateDeployment": {
            "value": {
                "type": "Bool",
                "value": false
            }
        },
        "enabledForDiskEncryption": {
            "value": {
                "type": "Bool",
                "value": false
            }
        },
        "enableRbacAuthorization": {
            "value": {
                "type": "Bool",
                "value": false
            }
        },
        "enableSoftDelete": {
            "value": {
                "type": "Bool",
                "value": true
            }
        },
        "softDeleteRetentionInDays": {
            "value": {
                "type": "Int",
                "value": 90
            }
        },
        "networkAcls": {
            "value": {
                "type": "Object",
                "value": {
                    "defaultAction": "allow",
                    "bypass": "AzureServices",
                    "ipRules": [],
                    "virtualNetworkRules": []
                }
            }
        }
    }
}