{
    "$schema": "https://schema.management.azure.com/schemas/2015-01-01/deploymentParameters.json#",
    "contentVersion": "1.0.0.0",
    "parameters": {
        "location": {
            "value": {
                "type": "String",
                "value": "westeurope"
            }
        },
        "workspaceName": {
            "value": {
                "type": "String",
                "value": "covid-sb-databricks-service"
            }
        },
        "tier": {
            "value": {
                "type": "String",
                "value": "standard"
            }
        },
        "tagValues": {
            "value": {
                "type": "Object",
                "value": {
                    "Environment": "Dev",
                    "Project": "Covid"
                }
            }
        }
    }
}